{
    "rgb_camera_matrix": [
        [
            732.5112558220056,
            0.0,
            308.55100792075933
        ],
        [
            0.0,
            731.8092812148922,
            220.13620795534615
        ],
        [
            0.0,
            0.0,
            1.0
        ]
    ],
    "rgb_distortion_coefficients": [
        [
            0.11727400427601209,
            0.22992215044422334,
            -0.012252713571708193,
            -0.017543535147607016,
            -2.0349646121962075
        ]
    ],
    "ir_camera_matrix": [
        [
            499.1797964499464,
            0.0,
            330.032663622023
        ],
        [
            0.0,
            504.75458183877794,
            194.18168556621265
        ],
        [
            0.0,
            0.0,
            1.0
        ]
    ],
    "ir_distortion_coefficients": [
        [
            -0.15578053152089189,
            7.284054700480401,
            -0.042179346717053076,
            -0.006366893260233616,
            -45.00785276329934
        ]
    ],
    "rotation_matrix": [
        [
            0.9996972602046267,
            -0.013580435770733649,
            -0.02051730254297489
        ],
        [
            0.014437565036312053,
            0.999003925361359,
            0.04222219592132461
        ],
        [
            0.019923469958449645,
            -0.04250563347220506,
            0.9988975555420793
        ]
    ],
    "translation_vector": [
        [
            -0.021997626224139203
        ],
        [
            0.0033617888636421254
        ],
        [
            0.028463267267863464
        ]
    ],
    "depth_scale": 0.0010000000474974513
}